type,name,notice,furigana
アイスの袋容器・（プラスチック製）,プラスチック製容器包装,汚れを水ですすぐ,あ
アイスのふた・容器（紙製）,もやせるごみ,焼却,あ
アイスノン（冷却剤）,もやせるごみ,,あ
アイスピック,もやせないごみ,,あ
アイロン,粗大ごみ,,あ
アイロン台,粗大ごみ,,あ
空き缶,もやせないごみ,中を水ですすぐ,あ
空き箱,古紙類,ひもで十字にしばる,あ
空きびん（飲食料用、化粧品の乳白色びん以外）,びん類・ペットボトル,中を水ですすぐ（三色分別）,あ
空きびんのふた（金属製）,もやせないごみ,,あ
空きびんのふた（プラスチック製）,プラスチック製容器包装,,あ
アクリル板,もやせるごみ,袋に入らないものは粗大ごみ,あ
アコーディオンカーテン,粗大ごみ,,あ
アコーディオン（楽器）,粗大ごみ,,あ
アダプター,粗大ごみ,,あ
油（機械用）,不適ごみ,販売店、専門業者へ依頼する,あ
油（食用）,もやせるごみ,固めるか、布紙等にしみ込ませる,あ
油缶（一斗缶未満）,もやせないごみ,中身を空にする,あ
油こし,もやせないごみ,,あ
油さし,もやせるごみ,,あ
油びん,びん類・ペットボトル,中を水ですすぐ（三色分別）。汚れがひどいものはもやせないごみ　　　,あ
油のペットボトル,もやせるごみ,中身を空にする,あ
雨合羽,もやせるごみ,,あ
雨具（カッパ）,もやせるごみ,,あ
雨どい,粗大ごみ,個人で解体したもので個人搬入に限る,あ
雨戸（プラスチック製･アルミ製）,粗大ごみ,個人で解体したもので個人搬入に限る,あ
網（つり用等）,もやせるごみ,,あ
編み機,粗大ごみ,,あ
網戸,粗大ごみ,個人で解体したもので個人搬入に限る,あ
アルミ缶,もやせないごみ,中を水ですすぐ,あ
アルミキャップ,もやせないごみ,,あ
アルミサッシ,粗大ごみ,個人で解体したもので個人搬入に限る,あ
アルミシート（キッチン周りの厚手のアルミ）,もやせないごみ,,あ
アルミ箔（アルミホイル）,もやせるごみ,,あ
アルミ箔（アルミホイル）の芯・箱,古紙類,金具（刃）はもやせないごみ,あ
安全かみそり（柄も金属）,もやせないごみ,刃の部分を包む,あ
安全靴等（靴類）,もやせるごみ,つま先が金属製のものは粗大ごみ,あ
安全ピン,もやせないごみ,,あ
アンテナ,粗大ごみ,,あ
アンプ,粗大ごみ,,あ
石,不適ごみ,専門業者へ依頼する,い
衣装ケース（紙製）,もやせるごみ,,い
衣装ケース（木製・プラスチック製・金属製）,粗大ごみ,,い
いす（木製・金属製）,粗大ごみ,,い
板戸,粗大ごみ,,い
一輪車（押車・乗用）,粗大ごみ,,い
一升びん,びん類・ペットボトル,中を水ですすぐ（三色分別）,い
一斗缶,粗大ごみ,中を水ですすぐ,い
犬小屋（プラスチック製・金属製）,粗大ごみ,,い
イヤホン,もやせるごみ,,い
鋳物なべ,粗大ごみ,,い
医療廃棄物（注射器等）,不適ごみ,病院ヘ依頼する,い
衣料品の袋（プラスチック製）,プラスチック製容器包装,,い
衣類,もやせるごみ,,い
衣類乾燥機,不適ごみ,家電リサイクル法の対象品,い
インクカートリッジ,もやせるごみ,又は店頭回収ボックスへ,い
インクリボン,もやせるごみ,又は店頭回収ボックスへ,い
飲料用の缶,もやせないごみ,中を水ですすぐ,い
飲料用のびん,びん類・ペットボトル,ふたを外す、中を水ですすぐ（三色分別）,い
ウイスキーのびん,びん類・ペットボトル,ふたを外す、中を水ですすぐ（三色分別）,う
ウィンドファン,粗大ごみ,,う
植木台（プラスチック製・金属製）,粗大ごみ,土を落とす,う
植木鉢（陶磁器製・素焼き製）,もやせないごみ,土を落とす、不燃物専用容器に入らないものは粗大ごみ,う
植木鉢（プラスチック製）,もやせるごみ,土を落とす、袋に入らないものは粗大ごみ,う
植木用支柱（プラスチック製・金属製）,粗大ごみ,,う
臼（木製）,粗大ごみ,,う
腕時計,もやせないごみ,,う
乳母車,粗大ごみ,,う
羽毛布団,粗大ごみ,ひもでしばる,う
ウレタン敷布団,粗大ごみ,,う
運動靴,もやせるごみ,,う
エアコン,不適ごみ,家電リサイクル法の対象品,え
エアゾール缶,もやせないごみ,缶に穴を開けガスを抜く,え
エアロバイク,粗大ごみ,,え
エアロパーツ（車のパーツ）,不適ごみ,車のボディー部品は全て受け付けない,え
液晶テレビ,不適ごみ,家電リサイクル法の対象品,え
液体洗剤の容器（プラスチック製）,プラスチック製容器包装,中を水ですすぐ,え
枝きりはさみ,粗大ごみ,,え
枝木類,もやせるごみ,長さ80㎝以下、太さ5㎝以下、束の直径30㎝以下、これ以上は粗大ごみ,え
絵の具のチューブ,もやせないごみ,プラスチック製はもやせるごみ,え
絵本,古紙類,ひもで十字にしばる,え
MD（ミニディスク）･,ケース,焼却,え
エレクトーン,粗大ごみ,電池を外す,え
園芸用支柱（プラスチック製・金属製）,粗大ごみ,,え
園芸用の袋・容器（プラスチック製）,もやせるごみ,,え
エンジンオイル等（廃油）,不適ごみ,販売店、専門業者へ依頼する,え
延長コード（室内用）,粗大ごみ,,え
煙突,粗大ごみ,,え
塩ビ管,粗大ごみ,個人で解体したもので個人搬入に限る,え
鉛筆削り機,もやせないごみ,電動のものは粗大ごみ,え
オアシス（生け花用スポンジ）,もやせるごみ,水を切る,お
オイル（自動車用・機械用）,不適ごみ,販売店、専門業者へ依頼する,お
オイルヒーター,粗大ごみ,オイルを抜く,お
オイル缶（一斗缶以上）,粗大ごみ,中身を空にする,お
王冠（金属製ふた・栓）,もやせないごみ,,お
応接セット,粗大ごみ,,お
オーブントースター,粗大ごみ,,お
オーブンレンジ,粗大ごみ,,お
オーディオ（コンポ）,粗大ごみ,,お
置時計,もやせないごみ,大きいものは粗大ごみ,お
桶,もやせるごみ,袋に入らないものは粗大ごみ,お
押し入れ収納ケース（プラスチック製・金属製）,粗大ごみ,,お
おしゃぶり,もやせるごみ,,お
お玉（しゃくし）,もやせないごみ,木製はもやせるごみ,お
汚泥,不適ごみ,専門業者へ依頼する,お
落ち葉・枯れ葉,もやせるごみ,土を取り除く,お
おしぼりの袋,プラスチック製容器包装,,お
おにぎりの外装フィルム,プラスチック製容器包装,,お
斧,粗大ごみ,,お
お盆（金属製）,粗大ごみ,,お
お盆（プラスチック製・木製）,粗大ごみ,,お
おまる（ポータブルトイレ含む）,粗大ごみ,汚物はトイレに捨てる,お
おむつ・おむつカバー,もやせるごみ,汚物はトイレに捨てる,お
おもちゃ（金属製）,もやせないごみ,電池を外す,お
おもちゃ（プラスチック製）,もやせるごみ,電池を外す,お
オルガン・電子オルガン,粗大ごみ,,お
おもり（文鎮、釣り用）,もやせないごみ,,お
おろしがね（磁器製・金属製）,もやせないごみ,,お
おろしがね（プラスチック製）,もやせるごみ,,お
お椀（木製・プラスチック製）,もやせるごみ,,お
温度計,もやせないごみ,,お
温風ヒーター,粗大ごみ,灯油を抜く,お
カーステレオ,不適ごみ,販売店、専門業者へ依頼する,か
カーテン,もやせるごみ,袋に入らないものは粗大ごみ、フックはもやせないごみ,か
カーテンレール（プラスチック製・金属製）,粗大ごみ,,か
カード類,もやせるごみ,,か
カーナビゲーション,不適ごみ,販売店、専門業者へ依頼する,か
カーペット,粗大ごみ,,か
貝類（貝殻）,もやせるごみ,,か
懐中電灯,もやせないごみ,電池を外す、プラスチック製はもやせるごみ,か
カイロ（使い捨て）,もやせるごみ,,か
カイロ（使い捨て）の外袋,プラスチック製容器包装,,か
鏡,もやせないごみ,不燃物専用容器に入らないものは粗大ごみ,か
角材,粗大ごみ,太さ12㎝以下、長さ1.8m以下、個人で解体したもので個人搬入に限る,か
学習机・椅子,粗大ごみ,,か
家具調コタツ,粗大ごみ,,か
額縁（木製・プラスチック製）,もやせるごみ,袋に入らないものは粗大ごみ,か
額縁用ガラス,もやせないごみ,,か
掛け時計,もやせないごみ,大きいものは粗大ごみ,か
傘,粗大ごみ,,か
加湿器,粗大ごみ,,か
菓子等の外装フィルム（ガム･キャラメル･チョコレート等）,プラスチック製容器包装,,か
菓子・パン等の袋（プラスチック製）,プラスチック製容器包装,,か
菓子箱（木製）,もやせるごみ,,か
菓子箱（金属製）,もやせないごみ,,か
菓子箱（プラスチック製）,プラスチック製容器包装,,か
菓子箱（紙製）,古紙類,,か
ガスコンロ・ガステーブル・ガスレンジ,粗大ごみ,電池を外す,か
ガスストーブ,粗大ごみ,電池を外す,か
ガスボンベ（LPガス）,不適ごみ,販売店、専門業者に依頼するか、又は福島県LPガス協会県北支部へ,か
ガス湯沸器,粗大ごみ,電池を外す,か
カセットコンロ（卓上）,粗大ごみ,カセットボンベを外す,か
カセットテープ,もやせるごみ,,か
カセットデッキ,粗大ごみ,電池を外す,か
カセットボンベ（卓上）,もやせないごみ,缶に穴を開けガスを抜く,か
肩掛け噴霧器,粗大ごみ,農薬等を空にして、水ですすぐ,か
固めた食用油,もやせるごみ,,か
カッパ,もやせるごみ,,か
カップ麺の外装フィルム（プラスチック製）,プラスチック製容器包装,,か
カップ麺のかやくの袋・スープの袋（プラスチック製）,もやせるごみ,,か
カップ麺のふた・容器（プラスチック製）,プラスチック製容器包装,汚れを水ですすぐ,か
蚊取り器,もやせないごみ,コード付きのものは粗大ごみ,か
かなづち,もやせないごみ,木製はもやせるごみ,か
カニのこうら,もやせるごみ,,か
かばん・バック（皮製・布製）,もやせるごみ,袋に入らないものは粗大ごみ,か
花瓶つぼ（陶器製・金属製）,もやせないごみ,,か
紙おむつ,もやせるごみ,汚物はトイレに捨てる,か
紙くず,もやせるごみ,,か
かみそり・電気式かみそり（本体）,もやせないごみ,充電コード等は粗大ごみ,か
紙パック類（牛乳・ジュース等）,古紙類,ひもで十字にしばる,か
紙袋（商品を入れたもの）,古紙類,ひもで十字にしばる,か
ガムの包み紙,もやせるごみ,,か
かめ（容器）,粗大ごみ,,か
カメラ・ビデオカメラ,もやせないごみ,電池を外す,か
カメラ（使い捨て）,もやせるごみ,電池を外す,か
カメラ等三脚,粗大ごみ,,か
カラーボックス,粗大ごみ,,か
カラオケ機（家庭用）,粗大ごみ,,か
からしのチューブ,もやせるごみ,,か
ガラスコップ,もやせないごみ,,か
ガラス戸のガラス,もやせないごみ,不燃物収集容器に入らないものは粗大ごみ,か
ガラス戸の枠（木製・アルミ製）,粗大ごみ,個人で解体したもので個人搬入に限る,か
軽石,もやせないごみ,,か
カレールウの仕切トレイ,プラスチック製容器包装,汚れを水ですすぐ,か
カレンダー,古紙類,金具はもやせないごみ,か
皮・革製品,もやせるごみ,袋に入らないものは粗大ごみ,か
瓦,不適ごみ,販売店、専門業者へ依頼する,か
管・弦楽器,粗大ごみ,,か
換気扇,粗大ごみ,,か
缶切り,もやせないごみ,,か
玩具乗物（プラスチック製）,粗大ごみ,,か
緩衝材（紙製）,古紙類,ひもで十字にしばる,か
緩衝材（発泡スチロール製）,プラスチック製容器包装,袋に入らない場合は小さく折って入れる,か
乾燥機置き台,粗大ごみ,,か
乾燥剤,もやせるごみ,,か
缶詰缶,もやせないごみ,中を水ですすぐ,か
乾電池,もやせないごみ,,か
乾電池等の外装フィルム,プラスチック製容器包装,,か
かんな,もやせないごみ,,か
缶のふた,もやせないごみ,,か
缶類,もやせないごみ,中を水ですすぐ,か
キーホルダー,もやせないごみ,,き
キーボード（楽器）,粗大ごみ,,き
キーボード（パソコンの初期添付）,不適ごみ,資源有効利用促進法の対象品。初期添付以外のものは粗大ごみ　　,き
木くず,もやせるごみ,,き
ギター・エレキギター,粗大ごみ,,き
木づち,もやせるごみ,,き
キッチン収納庫（レンジ台）,粗大ごみ,,き
キッチンスケール,もやせないごみ,,き
着物,もやせるごみ,,き
脚立・三脚・はしご,粗大ごみ,,き
キャッシュカード・クレジットカード,もやせるごみ,切って出す,き
キャップ（アルミ製・金属製）,もやせないごみ,,き
キャップ（プラスチック製）,プラスチック製容器包装,ペットボトル、びん等,き
キャビネット（木製・金属製）,粗大ごみ,,き
キャリア（スキー・スノーボード）,粗大ごみ,,き
急須,もやせないごみ,,き
給湯器,粗大ごみ,,き
牛乳パック,古紙類,ひもで十字にしばる,き
牛乳びん,びん類・ペットボトル,中を水ですすぐ（三色分別）,き
鏡台（ドレッサー）,粗大ごみ,,き
キリ,もやせないごみ,,き
切り株（根っ子）,不適ごみ,直径１２ｃｍ以下は粗大ごみ,き
禁煙パイプ,もやせるごみ,,き
金魚鉢,もやせないごみ,,き
金庫,粗大ごみ,,き
金属製のふた,もやせないごみ,,き
金杯・銀杯,もやせないごみ,,き
空気入れ（自転車用）,粗大ごみ,,く
空気清浄機,粗大ごみ,,く
クーラー,不適ごみ,家電リサイクル法の対象品,く
クーラーボックス,粗大ごみ,,く
くぎ,もやせないごみ,,く
草,もやせるごみ,土を取り除く,く
草刈り鎌,もやせないごみ,,く
草刈り機（肩掛け用）,粗大ごみ,家庭用のみ,く
草花,もやせるごみ,,く
鎖（プラスチック製・金属製）,粗大ごみ,,く
くし（金属製）,もやせないごみ,,く
くし（木製・竹製）,もやせるごみ,,く
薬（錠剤・カプセル等）のくぼみシート,プラスチック製容器包装,,く
薬のびん（飲料用）,びん類・ペットボトル,中を水ですすぐ（三色分別）,く
薬のびん（農薬等）,もやせないごみ,,く
薬のチューブ（アルミ製）,もやせないごみ,,く
薬の容器（アルミ製）　,もやせないごみ,,く
薬の容器（プラスチック製）,プラスチック製容器包装,,く
果物かご,もやせるごみ,袋に入らないものは粗大ごみ,く
果物等ネット（みかん・たまねぎ等）,プラスチック製容器包装,,く
果物等パック（もも・りんご等）,プラスチック製容器包装,,く
果物等パックのフィルム,プラスチック製容器包装,,く
果物ナイフ,もやせないごみ,,く
口紅ケース（金属）,もやせないごみ,プラスチック製はもやせるごみ,く
靴類,もやせるごみ,,く
靴類（安全靴等）,もやせるごみ,つま先が金属製のものは粗大ごみ,く
クッション,もやせるごみ,袋に入らないものは粗大ごみ,く
首輪,もやせるごみ,金属部分はもやせないごみ,く
熊手（金属製）,もやせないごみ,不燃物収集容器に入らない場合は粗大ごみ,く
熊手（金属製以外）,もやせるごみ,袋に入らないものは粗大ごみ,く
グラス,もやせないごみ,,く
グラスライト,粗大ごみ,個人で解体したもので個人搬入に限る,く
クリスタルガラス,もやせないごみ,,く
クリップ,もやせないごみ,,く
クリーム容器（プラスチック製）,プラスチック製容器包装,中身を空にして水ですすぐ,く
車椅子（手動、電動）,粗大ごみ,,く
車部品,不適ごみ,販売店、専門業者へ依頼する,く
グローブ（バイク乗車用）,もやせるごみ,金属部分はもやせないごみ,く
グローブ（野球等）,もやせるごみ,,く
グローランプ,もやせないごみ,,く
鍬,粗大ごみ,,く
蛍光灯・蛍光管,もやせないごみ,,け
蛍光灯の器具,粗大ごみ,,け
計算機（卓上小型）,もやせるごみ,,け
携帯ゲーム機（家庭用）,もやせないごみ,電池をはずす,け
携帯電話･PHS（バッテリーも含む）,不適ごみ,店頭（携帯ショップ）回収へ,け
毛糸,もやせるごみ,,け
計量はかり器（キッチン用小型）,もやせないごみ,,け
ゲートボールステック（木製・金属製）,粗大ごみ,,け
ゲートボールの球,もやせるごみ,,け
ゲームソフト（カセット･CD）,もやせるごみ,,け
化粧品のチューブ,もやせるごみ,,け
化粧品のスプレー缶,もやせないごみ,缶に穴を開けガスを抜く,け
化粧品のふた・容器（プラスチック製）,プラスチック製容器包装,中身を空にして水ですすぐ,け
化粧品のびん（乳白色以外）,びん類・ペットボトル,中を水ですすぐ（三色分別）。乳白色のものはもやせないごみ,け
下駄,もやせるごみ,,け
下駄箱（木製）,粗大ごみ,,け
ケチャップの外袋・キャップ（プラスチック製）,プラスチック製容器包装,,け
ケチャップのチューブ,もやせるごみ,汚れが取れないため,け
血圧計,粗大ごみ,水銀仕様のものは販売店、専門業者へ依頼する,け
玄関マット,もやせるごみ,袋に入らないものは粗大ごみ。金属製はもやせないごみ,け
健康器具（家庭用）,粗大ごみ,コンテナに入るものはもやせないごみ,け
剣山（生花用）,もやせないごみ,,け
建築廃材,不適ごみ,販売店、専門業者へ依頼する,け
剣道防具類,粗大ごみ,,け
顕微鏡,もやせないごみ,,け
碁石,もやせないごみ,,こ
工具箱（プラスチック製・金属製）粗大ごみ（可燃/不燃）,焼却/資源物,,こ
工具類,もやせないごみ,,こ
広告・チラシ,古紙類,ひもで十字にしばる,こ
ゴーグル,もやせるごみ,,こ
コード,粗大ごみ,,こ
コーヒーのびん,びん類・ペットボトル,中を水ですすぐ（三色分別）。キャップは資源物（プラスチック）,こ
小形二次電池（充電式電池）,不適ごみ,家電量販店等での店頭回収へ,こ
ござ,粗大ごみ,,こ
こたつ・こたつ板,粗大ごみ,,こ
こたつ掛け,粗大ごみ,,こ
コップ（紙製・プラスチック製）,もやせるごみ,,こ
コップ（紙製・プラスチック製以外）,もやせないごみ,,こ
子供遊具,粗大ごみ,,こ
碁盤,もやせるごみ,袋に入らないものは粗大ごみ,こ
コピー機（家庭用）,粗大ごみ,,こ
コピー用紙,古紙類,ひもで十字にしばる,こ
ゴム製品,もやせるごみ,,こ
ゴム手袋,もやせるごみ,,こ
ゴムホース,もやせるごみ,袋に入らないものは粗大ごみ,こ
ゴムボート,粗大ごみ,,こ
ゴムマット,もやせるごみ,袋に入らないものは粗大ごみ,こ
米びつ,粗大ごみ,,こ
米袋（紙製３０ｋｇ袋等）,古紙類,,こ
米袋（プラスチック製）,プラスチック製容器包装,,こ
コルク製品,もやせるごみ,,こ
ゴルフクラブ,粗大ごみ,,こ
ゴルフバック,粗大ごみ,,こ
ゴルフボール,もやせるごみ,,こ
コンクリート,不適ごみ,販売店、専門業者へ依頼する,こ
コンテナ,粗大ごみ,,こ
コンパネ板,粗大ごみ,個人で解体したもので個人搬入に限る,こ
コンプレッサー,粗大ごみ,,こ
コンポ（オーディオ）,粗大ごみ,,こ
コンポスター,粗大ごみ,,こ
サーフィンボード,粗大ごみ,,さ
サイクリングマシーン,粗大ごみ,,さ
座椅子,粗大ごみ,,さ
サイドボード,粗大ごみ,ガラスは外してもやせないごみ,さ
サイフォン,粗大ごみ,,さ
裁縫箱（木製・プラスチック製）,もやせるごみ,袋に入らないものは粗大ごみ,さ
酒びん・酒カップ,びん類・ペットボトル,中を水ですすぐ（三色分別）,さ
酒類の紙パック,古紙類,,さ
酒類のペットボトル,資源物（ペットボトル）,中を水ですすぐ,さ
座敷用ワゴン,粗大ごみ,,さ
座卓（座机）,粗大ごみ,,さ
雑誌類,古紙類,ひもで十字にしばる,さ
サッカーボール,もやせるごみ,,さ
サッシ戸,粗大ごみ,個人で解体したもので個人搬入に限る,さ
殺虫剤（びん・スプレー缶）,もやせないごみ,缶は穴を開けガスを抜く,さ
座布団,もやせるごみ,袋に入らないものは粗大ごみ,さ
サマーベッド,粗大ごみ,,さ
皿（セトモノ）,もやせないごみ,,さ
皿洗い機（食器洗い機）,粗大ごみ,,さ
ざる類（金属製）,もやせないごみ,大きいものは粗大ごみ,さ
ざる類（竹製・プラスチック製）,もやせるごみ,大きいものは粗大ごみ,さ
三脚,粗大ごみ,,さ
三脚（カメラ等用）,粗大ごみ,,さ
サングラス（ガラス）,もやせないごみ,,さ
サングラス（プラスチック）,もやせるごみ,,さ
サンダル,もやせるごみ,,さ
三輪車,粗大ごみ,,さ
シーツ,もやせるごみ,,し
ＣＤ,もやせるごみ,,し
ＣＤケース,もやせるごみ,,し
ＣＤラジカセ,粗大ごみ,電池を外す,し
シール状磁石（マグネット）,もやせるごみ,,し
地下足袋,もやせるごみ,,し
磁石,もやせないごみ,,し
辞書・百科事典,古紙類,ビニール加工・布等の表紙を取り除いて出す、ひもで十字にしばる,し
支柱（農業等事業用除く）,粗大ごみ,,し
しちりん,粗大ごみ,,し
室外機（エアコン）,不適ごみ,家電リサイクル法の対象品,し
湿度計,もやせないごみ,,し
湿布剤,もやせるごみ,,し
自転車,粗大ごみ,,し
自動車部品,不適ごみ,販売店、専門業者へ依頼する,し
竹刀,粗大ごみ,,し
芝刈り機（家庭用）,粗大ごみ,,し
蛇口,もやせないごみ,,し
シャープペンシル（金属製）,もやせないごみ,,し
シャープペンシル（プラスチック製）,もやせるごみ,,し
ジャッキ類,粗大ごみ,,し
シャトル（バドミントン）,もやせるごみ,,し
写真ネガ,もやせるごみ,,し
しゃもじ,もやせるごみ,,し
シャンプーの容器（ポンプ式を含む）,プラスチック製容器包装,中を水ですすぐ,し
ジューサー,粗大ごみ,,し
ジュース缶,もやせないごみ,中を水ですすぐ,し
ジュースびん,びん類・ペットボトル,中を水ですす（三色分別）,し
じゅうたん,粗大ごみ,,し
充電器,粗大ごみ,,し
充電式電池（小形二次電池）,不適ごみ,家電量販店等での店頭回収へ,し
柔道着,もやせるごみ,,し
収納ケース（紙製）,古紙類,ひもで十字にしばる,し
収納ケース（プラスチック製）,粗大ごみ,,し
瞬間湯沸し器,粗大ごみ,,し
消火器,不適ごみ,販売店、専門業者へ依頼する,し
将棋の駒,もやせるごみ,,し
将棋盤,もやせるごみ,袋に入らないものは粗大ごみ,し
定規,もやせるごみ,金属製はもやせないごみ,し
ショーケース（プラスチック製・金属製）,粗大ごみ,,し
障子戸,粗大ごみ,,し
浄水器,粗大ごみ,,し
照明器具（プラスチック製・金属製）,粗大ごみ,蛍光管を外す,し
しょうゆのびん,びん類・ペットボトル,中を水ですすぐ（三色分別）,し
しょうゆのペットボトル,資源物（ペットボトル）,中を水ですすぐ,し
ジョウロ（金属製）,粗大ごみ,,し
ジョウロ（プラスチック製）,もやせるごみ,袋に入らないものは粗大ごみ,し
食品トレイ,プラスチック製容器包装,汚れを水ですすぐ,し
食用油,もやせるごみ,固めるか、布・紙等にしみ込ませる,し
食用油の容器（プラスチック製）,もやせるごみ,中身を空にする,し
食用油の容器（金属製）,もやせないごみ,中身を空にする,し
除湿器,粗大ごみ,,し
除湿剤,もやせるごみ,,し
食器（陶磁器製・ガラス製・金属製）,もやせないごみ,,し
食器洗乾燥機,粗大ごみ,,し
食器棚（木製・金属製）,粗大ごみ,,し
食器等洗剤ボトル,プラスチック製容器包装,中を水ですすぐ,し
人工芝,もやせるごみ,袋に入らないものは粗大ごみ,し
新聞紙・折込チラシ,古紙類,ひもで十字にしばる,し
吸殻,もやせるごみ,,す
水槽,粗大ごみ,,す
水筒（金属製）,粗大ごみ,,す
水筒（プラスチック製）,もやせるごみ,,す
炊飯器・炊飯ジャー,粗大ごみ,,す
スーツケース（樹脂製・金属製）,粗大ごみ,,す
姿見（鏡台）,粗大ごみ,,す
スキー板,粗大ごみ,,す
スキーウエア,もやせるごみ,,す
スキーキャリア,粗大ごみ,,す
スキー靴,粗大ごみ,,す
スキーグローブ（手袋）,もやせるごみ,,す
スキャナー,粗大ごみ,,す
スケート靴,粗大ごみ,,す
スケートボード,粗大ごみ,,す
スコップ,粗大ごみ,,す
すずり,もやせないごみ,,す
すだれ,粗大ごみ,,す
スタンプ台,もやせないごみ,,す
スチール缶,もやせないごみ,中を水ですすぐ,す
スチール整理棚,粗大ごみ,,す
ステレオ,粗大ごみ,,す
ステンレスパイプ棚,粗大ごみ,,す
ストーブ,粗大ごみ,灯油を抜き、電池を外す,す
ストーブガード,粗大ごみ,,す
ストッキング,もやせるごみ,,す
ストック,粗大ごみ,,す
ストロー,もやせるごみ,,す
砂,不適ごみ,販売店、専門業者へ依頼する,す
スナック菓子の袋,プラスチック製容器包装,,す
スノーダンプ（プラスチック製・金属製）,粗大ごみ,,す
スノーブラシ,もやせるごみ,,す
スノーボード,粗大ごみ,,す
スノーマット（自家用車用）,もやせるごみ,,す
すのこ,粗大ごみ,,す
スパイクシューズ,もやせるごみ,,す
スピーカー,粗大ごみ,,す
スプーン（金属製）,もやせないごみ,,す
スプーン（プラスチック製・木製）もやせるごみ,焼却,,す
スプレー缶,もやせないごみ,缶に穴を開けガスを抜く,す
滑り台（プラスチック製・木製・金属製）,粗大ごみ,,す
スポンジマット,もやせるごみ,,す
スポンジ類,もやせるごみ,,す
ズボンプレッサー,粗大ごみ,,す
スリッパ,もやせるごみ,,す
整髪料びん（乳白色以外）,びん類・ペットボトル,中を水ですすぐ（三色分別）。乳白色のものはもやせないごみ,せ
精米機（家庭用）,粗大ごみ,,せ
清涼飲料水びん,びん類・ペットボトル,中を水ですすぐ（三色分別）,せ
生理用品,もやせるごみ,,せ
石油ストーブ,粗大ごみ,灯油を抜き、電池を外す,せ
石油タンク,粗大ごみ,灯油を抜く,せ
石油ポンプ（プラスチック製）,もやせるごみ,電動式は電池を外す,せ
せっけん,もやせるごみ,,せ
石膏ボード,不適ごみ,販売店、専門業者へ依頼する,せ
セトモノ類,もやせないごみ,,せ
セメント,不適ごみ,販売店、専門業者へ依頼する,せ
ゼリーのふた（プラスチック製）,プラスチック製容器包装,汚れを水ですすぐ､アルミ製はもやせるごみ,せ
ゼリーの外装フィルム（プラスチック製）,プラスチック製容器包装,,せ
ゼリーの容器（プラスチック製）,プラスチック製容器包装,汚れを水ですすぐ,せ
セロハンテープ,もやせるごみ,,せ
洗顔料チューブ,もやせるごみ,,せ
洗剤容器（プラスチック製）,プラスチック製容器包装,中を水ですすぐ,せ
洗濯機,不適ごみ,家電リサイクル法の対象品,せ
洗濯ばさみ,もやせるごみ,金属製はもやせないごみ,せ
洗濯物干し竿,粗大ごみ,,せ
洗濯物干し台（ブロック台座）,粗大ごみ,,せ
剪定（せんてい）はさみ,もやせないごみ,,せ
栓抜き類,もやせないごみ,,せ
扇風機,粗大ごみ,,せ
洗面器（金属製）,もやせないごみ,,せ
洗面器（プラスチック製）,もやせるごみ,,せ
洗面台,粗大ごみ,個人で解体したもので個人搬入に限る,せ
造花,もやせるごみ,,そ
双眼鏡,もやせないごみ,,そ
掃除機・掃除機ホース,粗大ごみ,,そ
送風機,粗大ごみ,,そ
ぞうり,もやせるごみ,,そ
ソースの容器（プラスチック製）,もやせるごみ,汚れが取れないため、びんの場合はもやせないごみ,そ
ソファー・ソファーベット,粗大ごみ,,そ
ソフトボール,もやせるごみ,,そ
そり（プラスチック製）,粗大ごみ,,そ
そろばん,もやせるごみ,,そ
体温計（デジタル・電子）,もやせるごみ,,た
体重計（ヘルスメーター）,粗大ごみ,,た
耐熱ガラス製品,もやせないごみ,,た
タイヤ,不適ごみ,販売店、専門業者へ依頼する,た
タイヤチェーン（ゴム製・金属製）,粗大ごみ,,た
タイヤホイール,不適ごみ,販売店、専門業者へ依頼する,た
タイル,不適ごみ,販売店、専門業者へ依頼する,た
タオルケット,もやせるごみ,,た
卓上計算機,もやせるごみ,,た
卓上ガスコンロ,粗大ごみ,,た
竹製品,もやせるごみ,袋に入らないものは粗大ごみ,た
畳,粗大ごみ,６枚以上は個人搬入,た
卓球の球,もやせるごみ,,た
卓球用ラケット,もやせるごみ,,た
脱臭剤,もやせるごみ,,た
タッパー,もやせるごみ,,た
たばこの外装フィルム,プラスチック製容器包装,,た
たまごのパック（プラスチック製）,プラスチック製容器包装,,た
たらい（木製・プラスチック製）,もやせるごみ,袋に入らないものは粗大ごみ,た
たらい（金属製）,もやせないごみ,不燃物収集容器に入らないものは粗大ごみ,た
たる,粗大ごみ,,た
たわし類（金属製）,もやせないごみ,,た
たわし類（かめのこ・スポンジ）,もやせるごみ,,た
タンス,粗大ごみ,,た
断熱材（グラスウール）,不適ごみ,販売店、専門業者へ依頼する,た
段ボール,古紙類,ひもで十字にしばる,た
チェーン（ゴム製・金属製）,粗大ごみ,,ち
チェーンソー（電動・エンジン）,粗大ごみ,燃料を抜く,ち
地球儀,もやせるごみ,袋に入らないものは粗大ごみ,ち
チャイルドシート,粗大ごみ,,ち
茶器用具（木製・竹製）,もやせるごみ,,ち
茶器用具（陶磁器製・金属製）,もやせないごみ,,ち
茶びつ,粗大ごみ,,ち
中華なべ,粗大ごみ,,ち
注射器・注射針,不適ごみ,病院ヘ依頼する,ち
チューナー,粗大ごみ,,ち
チューブ容器,もやせるごみ,,ち
彫刻刀,もやせないごみ,,ち
超合金立体玩具,もやせないごみ,ロボット、ミニカー,ち
ちょうちん,もやせるごみ,,ち
調味料の缶,もやせないごみ,中を水ですすぐ,ち
調味料のびん,びん類・ペットボトル,中を水ですすぐ（三色分別）,ち
調味料の容器（プラスチック製）,プラスチック製容器包装,ケチャップ・ソース・マヨネーズを除く。汚れを水ですすぐ,ち
調理台,粗大ごみ,個人で解体したもので個人搬入に限る,ち
チョーク,もやせるごみ,,ち
ちりとり（木製・プラスチック製）,もやせるごみ,袋に入りきらない場合は粗大ごみ,ち
ちりとり（金属製）,粗大ごみ,,ち
つい立て（木製・金属製）,粗大ごみ,,つ
杖（木製・金属製）,粗大ごみ,,つ
使い捨てカイロ,もやせるごみ,,つ
使い捨てカメラ,もやせるごみ,,つ
使い捨てライター,もやせるごみ,中身を空にする,つ
机（木製・金属製）,粗大ごみ,,つ
漬物重し（製品）,粗大ごみ,市販の物に限る,つ
漬物おけ,粗大ごみ,,つ
土,不適ごみ,販売店、専門業者へ依頼する,つ
積み木,もやせるごみ,,つ
爪切り,もやせないごみ,,つ
釣り糸,もやせるごみ,,つ
釣竿,もやせるごみ,袋に入らないものは粗大ごみ,つ
釣り針,もやせないごみ,,つ
釣り用魚籠（竹・布・プラスチック製）,もやせるごみ,,つ
釣り用おもり,もやせないごみ,,つ
庭園灯,粗大ごみ,,て
低周波治療器,粗大ごみ,,て
Ｔ字ひげそり,もやせないごみ,,て
ティッシュペーパー・ちり紙,もやせるごみ,,て
ティッシュペーパーのセット袋,プラスチック製容器包装,,て
ティッシュペーパーの箱,古紙類,,て
ＤＶＤ・ケース,もやせるごみ,,て
ＤＶＤプレイヤー・レコーダー,粗大ごみ,,て
テーブル（木製・金属製）,粗大ごみ,,て
テープレコーダー,粗大ごみ,,て
手鏡,もやせないごみ,,て
手さげ金庫,もやせないごみ,,て
デジタルカメラ,もやせないごみ,充電式電池は店頭回収へ,て
デスクマット,もやせるごみ,,て
鉄アレイ,粗大ごみ,,て
鉄パイプ,粗大ごみ,,て
鉄板（料理用）,粗大ごみ,,て
テニス用ラケット（木製・複合樹脂製、金属製）,粗大ごみ,,て
テニスボール,もやせるごみ,,て
手袋,もやせるごみ,,て
手袋（バイク乗車用）,もやせるごみ,金属部分はもやせないごみ,て
テレビ（ブラウン管・液晶・プラズマ）,不適ごみ,家電リサイクル法の対象品,て
テレビゲーム機,粗大ごみ,,て
テレビゲームソフト（カセット・ＣＤ・ＤＶＤ式）,もやせるごみ,,て
テレビ台（木製・金属製）,粗大ごみ,,て
テレホンカード,もやせるごみ,,て
電化製品の外袋（プラスチック製）,プラスチック製容器包装,,て
電気あんか,粗大ごみ,,て
電気温水器,粗大ごみ,,て
電気カーペット,粗大ごみ,,て
電気カーペットカバー,もやせるごみ,,て
電気かみそり,もやせないごみ,,て
電気こたつ,粗大ごみ,,て
電気ジャー,粗大ごみ,,て
電気スタンド,粗大ごみ,電球はもやせないごみ,て
電気ストーブ,粗大ごみ,,て
電気ポット,粗大ごみ,,て
電気マッサージ機,粗大ごみ,,て
電気毛布,粗大ごみ,,て
電球（白熱灯）,もやせないごみ,,て
電子体温計,もやせるごみ,,て
電子ピアノ,粗大ごみ,,て
電子レンジ,粗大ごみ,,て
電磁調理器,粗大ごみ,,て
天体望遠鏡,粗大ごみ,,て
電卓,もやせるごみ,,て
電池（乾電池）,もやせないごみ,,て
電池（充電式）,不適ごみ,家電量販店等での店頭回収へ,て
テント（キャンプ用）,粗大ごみ,金属製支柱・杭は粗大ごみ,て
電動アシスト自転車,粗大ごみ,充電式電池は店頭回収へ,て
電動工具,粗大ごみ,充電式電池は店頭回収へ,て
電動歯ブラシ,もやせないごみ,電池は外す,て
電動ミシン,粗大ごみ,,て
天ぷら油,もやせるごみ,固めるか、古紙に吸込ませる,て
電話機,粗大ごみ,,て
電話帳,古紙類,ひもで十字にしばる,て
戸（木製・金属製）,粗大ごみ,,と
といし,もやせないごみ,,と
トイレコーナー（金属製）,もやせないごみ,,と
トイレットペーパーの芯,古紙類,,と
トイレブラシ,もやせるごみ,,と
トイレ便座,粗大ごみ,,と
トイレマット,もやせるごみ,,と
陶磁器製品,もやせないごみ,,と
豆腐の容器・フィルム（プラスチック製）,プラスチック製容器包装,汚れを水ですすぐ,と
灯油,不適ごみ,販売店、専門業者へ依頼する,と
トースター,粗大ごみ,,と
時計（腕時計、枕時計）,もやせないごみ,,と
土砂,不適ごみ,専門業者へ依頼する,と
トタン（塩化ビニール系）,粗大ごみ,個人で解体したもので個人搬入に限る,と
トタン（金属製）,粗大ごみ,個人で解体したもので個人搬入に限る,と
トナーカートリッジ,もやせるごみ,又は店頭回収ボックスへ,と
土鍋,粗大ごみ,不燃物専用容器に入ればもやせないごみ,と
土のう袋,もやせるごみ,土を取り除く,と
ドライバー（工具）,もやせないごみ,,と
ドライヤー,粗大ごみ,,と
ドラム（コード）,粗大ごみ,,と
ドラム缶,粗大ごみ,,と
ドラムセット（音楽用）,粗大ごみ,,と
トランク,粗大ごみ,,と
鳥かご（木製・金属製）,粗大ごみ,,と
塗料（ペンキなど）,もやせるごみ,固めるか、布・紙等にしみ込ませる,と
塗料缶,もやせないごみ,中身を空にする、一斗缶以上は粗大ごみ,と
ドリル,粗大ごみ,,と
ドリンクびん,びん類・ペットボトル,中を水ですすぐ（三色分別）,と
トレーニングマシン,粗大ごみ,,と
トレイ類（食品用）,プラスチック製容器包装,汚れを水ですすぐ,と
ドレッサー,粗大ごみ,,と
ドレッシングのびん,びん類・ペットボトル,中を水ですすぐ（三色分別）,と
ドレッシングの容器（プラスチック製）,もやせるごみ,,と
トロフィー（金属製）,もやせないごみ,大きいものは粗大ごみ,と
トロフィー（プラスチック製）,もやせるごみ,袋に入らない場合は粗大ごみ,と
とんかち,もやせないごみ,,と
ナイフ類,もやせないごみ,,な
ナイロン製品,もやせるごみ,,な
長靴,もやせるごみ,,な
長座布団,粗大ごみ,,な
流し台,粗大ごみ,個人で解体したもので個人搬入に限る,な
なた,もやせないごみ,,な
納豆の容器,もやせるごみ,菌の関係上、全てもやせるごみ,な
なべ類,粗大ごみ,,な
生ごみ,もやせるごみ,水気をよく切って,な
乳酸飲料の容器・外装フィルム（プラスチック製）,プラスチック製容器包装,汚れを水ですすぐ,に
入浴剤の容器（プラスチック製）,プラスチック製容器包装,金属製はもやせないごみ,に
庭木,もやせるごみ,長さ80㎝以下、太さ5㎝以下、束の直径30㎝以内,に
庭木（大型）,粗大ごみ,太さ5～12ｃｍ以下、長さ80cm～1.8ｍ以下,に
人形,もやせるごみ,陶器製はもやせないごみ,に
ぬいぐるみ,もやせるごみ,袋に入らない場合は粗大ごみ,ぬ
布衣類,もやせるごみ,,ぬ
布くず,もやせるごみ,,ぬ
ネガ,もやせるごみ,,ね
ねじ,もやせないごみ,,ね
熱冷ましシート,もやせるごみ,,ね
寝袋,もやせるごみ,袋に入らない場合は粗大ごみ,ね
粘土（教材）,もやせるごみ,,ね
農機具類（エンジン付き）,不適ごみ,,の
農業用資材,不適ごみ,販売店、専門業者へ依頼する,の
農業用支柱,不適ごみ,販売店、専門業者へ依頼する,の
農業用ビニール,不適ごみ,販売店、専門業者へ依頼する,の
農薬,不適ごみ,販売店、専門業者へ依頼する,の
農薬の袋,もやせるごみ,,の
農薬容器（びん類）,もやせないごみ,中を水でよくすすいだものに限る,の
ノート,古紙類,ひもで十字にしばる,の
のこぎり,もやせないごみ,,の
のみ,もやせないごみ,,の
のり・接着剤の容器,もやせるごみ,,の
海苔缶,もやせないごみ,,の
海苔びん,びん類・ペットボトル,中を水ですすぐ（三色分別）,の
バーベキューコンロ,粗大ごみ,,は
ハーモニカ,もやせないごみ,,は
灰（お風呂・豆炭・木炭・練炭）,不適ごみ,自家処理できない場合は個人搬入可,は
バイク,不適ごみ,販売店、専門業者へ依頼する,は
灰皿,もやせないごみ,,は
パイプいす,粗大ごみ,,は
パイプ車庫,粗大ごみ,,は
パイプベッド,粗大ごみ,,は
廃油（エンジンオイル等）,不適ごみ,販売店、専門業者へ依頼する,は
ハイロン（波板トタン）,粗大ごみ,個人が解体したもので個人搬入に限る,は
バインダー,もやせるごみ,金属部分はもやせないごみ,は
ハウスパイプ,粗大ごみ,個人が解体したもので個人搬入に限る。長さ1.8m以下にする,は
はかり,粗大ごみ,キッチンスケールはもやせないごみ,は
はくせい,もやせるごみ,袋に入らないものは粗大ごみ,は
バケツ（金属製）,粗大ごみ,,は
バケツ（プラスチック製）,もやせるごみ,袋に入らないものは粗大ごみ,は
はさみ類,もやせないごみ,,は
はし,もやせるごみ,,は
はしご（家庭用）,粗大ごみ,,は
柱時計,粗大ごみ,,は
バスマット,もやせるごみ,,は
パソコン（デスクトップ型・ノート型）※自作パソコンも対象,不適ごみ,資源有効利用促進法の対象品,は
パソコンのディスプレイ,不適ごみ,資源有効利用促進法の対象品,は
パソコン本体,不適ごみ,資源有効利用促進法の対象品,は
パソコンのキーボード・マウス（初期添付）,不適ごみ,資源有効利用促進法の対象品。初期添付以外のものは粗大ごみ,は
パソコンラック,粗大ごみ,,は
バター・マーガリンの容器,もやせるごみ,,は
バッグ・かばん,もやせるごみ,袋に入らないものは粗大ごみ,は
バッテリー（車部品）,不適ごみ,販売店、専門業者へ依頼する,は
発電機（家庭用）,粗大ごみ,,は
バット（野球・ソフトボール用、木製・金属製）,粗大ごみ,,は
発泡スチロール,プラスチック製容器包装,家電製品の緩衝材・梱包材など,は
発泡トレイ,プラスチック製容器包装,汚れを水ですすぐ,は
バドミントン用シャトル,もやせるごみ,,は
花,もやせるごみ,,は
花火,もやせるごみ,未使用のものは水で濡らしてから出す,は
歯ブラシ,もやせるごみ,,は
歯ブラシのパック容器（プラスチック製）,プラスチック製容器包装,,は
歯磨きチューブ,もやせるごみ,,は
刃物類,もやせないごみ,,は
パラボラアンテナ,粗大ごみ,,は
針,もやせないごみ,,は
針金,粗大ごみ,,は
バレーボール,もやせるごみ,,は
パレット（絵画用・プラスチック製）,もやせるごみ,,は
パレット（荷揚げ用）,粗大ごみ,,は
ハンガー（プラスチック製）,もやせるごみ,,は
ハンガー（金属製）,粗大ごみ,,は
はんこ（象牙・プラスチック製・木製）,もやせるごみ,それ以外はもやせないごみ,は
飯ごう,もやせないごみ,,は
ハンドソープの容器,プラスチック製容器包装,中を水ですすぐ,は
ハンドルカバー,もやせるごみ,,は
ハンバーガー等の持ち帰り容器,プラスチック製容器包装,汚れを水ですすぐ,は
ハンマー,もやせないごみ,,は
ピアノ,粗大ごみ,,ひ
ヒーター（温風）,粗大ごみ,灯油を抜く,ひ
ビー玉,もやせないごみ,,ひ
ビーチパラソル,粗大ごみ,,ひ
ビート版（水泳練習具）,もやせるごみ,袋に入らないものは粗大ごみ,ひ
ビールびん,びん類・ペットボトル,販売店、又は集団回収へ,ひ
ＰＰバンド（包装バンド）,もやせるごみ,,ひ
ビデオカメラ,もやせないごみ,充電式電池は店頭回収へ,ひ
ビデオテープ,もやせるごみ,,ひ
ビデオデッキ,粗大ごみ,,ひ
ビニールシート,もやせるごみ,袋に入らないものは粗大ごみ,ひ
ビニール製品,もやせるごみ,,ひ
ビニールテーブルクロス,もやせるごみ,袋に入らないものは粗大ごみ,ひ
ビニールハウス（農業用）,不適ごみ,販売店、専門業者へ依頼する,ひ
ビニールひも,もやせるごみ,,ひ
ビニール袋,プラスチック製容器包装,,ひ
ビニールホース,もやせるごみ,袋に入らないものは粗大ごみ,ひ
火鉢,粗大ごみ,中を空にする,ひ
ひも・ロープ等,もやせるごみ,,ひ
肥料袋,もやせるごみ,,ひ
びんのふた（アルミ製・金属製）,もやせないごみ,,ひ
びんのふた（プラスチック製）,プラスチック製容器包装,,ひ
びん類（飲食料用、化粧品の乳白色びん以外）,びん類・ペットボトル,中を水ですすぐ（三色分別）,ひ
ファイル・バインダー,もやせるごみ,,ふ
ファスナー（金属製）,もやせないごみ,,ふ
ＦＡＸ（家庭用）,粗大ごみ,,ふ
ファンシーケース,粗大ごみ,,ふ
ファンヒーター,粗大ごみ,灯油を抜く,ふ
ファンデーションケース,もやせないごみ,,ふ
フィルム（ネガ）,もやせるごみ,,ふ
フィルムのケース,プラスチック製容器包装,,ふ
プール（子供用ビニールプール）,粗大ごみ,,ふ
笛,もやせるごみ,,ふ
フェンス,粗大ごみ,,ふ
フォーク（台所用品）,もやせないごみ,,ふ
ふすま,粗大ごみ,,ふ
仏壇,不適ごみ,個人搬入可,ふ
筆・筆入れ,もやせるごみ,,ふ
筆入れ（金属製）,もやせないごみ,,ふ
布団,粗大ごみ,,ふ
布団乾燥機,粗大ごみ,,ふ
踏み台,粗大ごみ,,ふ
フライパン,粗大ごみ,,ふ
ブラインド,粗大ごみ,,ふ
ぶらさがり健康器具,粗大ごみ,,ふ
ブラシ,もやせるごみ,,ふ
プラスチック製のふた,プラスチック製容器包装,,ふ
プラズマテレビ,不適ごみ,家電リサイクル法の対象品,ふ
プラモデル,もやせるごみ,,ふ
フラワースタンド（プラスチック製・金属製）,粗大ごみ,,ふ
ブランコ,粗大ごみ,,ふ
プランター（プラスチック製）,もやせるごみ,袋に入らないものは粗大ごみ、土は取り除く,ふ
プリンター（パソコン）,粗大ごみ,,ふ
プリンのふた（プラスチック製）,プラスチック製容器包装,汚れを水ですすぐ、アルミ製はもやせるごみ,ふ
プリンの外装フィルム（プラスチック製）,プラスチック製容器包装,,ふ
プリンの容器（プラスチック製）,プラスチック製容器包装,汚れを水ですすぐ、紙製は燃やせるごみ,ふ
ブルーシート,もやせるごみ,袋に入らないものは粗大ごみ,ふ
ブルーレイディスク,もやせるごみ,,ふ
プレーヤー（レコーダー）,粗大ごみ,,ふ
風呂釜,粗大ごみ,個人で解体したもので個人搬入に限る,ふ
プロジェクションテレビ,粗大ごみ,,ふ
ブロック,不適ごみ,販売店、専門業者へ依頼する,ふ
ブロック台座,粗大ごみ,,ふ
フロッピーディスク,もやせるごみ,,ふ
風呂ぶた,粗大ごみ,,ふ
風呂マット,もやせるごみ,,ふ
ぶんちん,もやせないごみ,,ふ
文房具（紙製・プラスチック製・木製）,もやせるごみ,,ふ
文房具（金属製）,もやせないごみ,,ふ
文房具の外装フィルム,プラスチック製容器包装,,ふ
噴霧器,粗大ごみ,,ふ
ヘアースプレーの缶,もやせないごみ,,へ
ヘアーブラシ,もやせるごみ,,へ
ベッド・ベッドマット,粗大ごみ,,へ
ペット小屋,粗大ごみ,,へ
ペットのえさ缶,もやせないごみ,中を水ですすぐ,へ
ペットの死骸（犬、猫等）,へい獣処理,段ボール箱等に入れて、直接清掃センターへ持ち込む。一頭あたり、一般焼却2000円、分離焼却（遺骨引取）3500円,へ
ペットのトイレ用の砂（市販の物に限る）,もやせるごみ,汚物は取り除く,へ
ペットボトル,びん類・ペットボトル,中を水ですすぐ,へ
ぺットボトルのキャップ・ラベル,プラスチック製容器包装,,へ
ヘッドホン,粗大ごみ,,へ
ベニヤ板,もやせるごみ,袋に入らないものは粗大ごみ,へ
ベビーいす,粗大ごみ,,へ
ベビーカー,粗大ごみ,,へ
ベビーキャリー,粗大ごみ,,へ
ベビー布団,粗大ごみ,,へ
ベビーベッド,粗大ごみ,,へ
ベビー用風呂,粗大ごみ,,へ
ヘルスメーター（体重計）,粗大ごみ,,へ
ベルト（皮部分）,もやせるごみ,,へ
ヘルメット,粗大ごみ,,へ
便器（陶器製）,粗大ごみ,個人で解体したもので個人搬入に限る,へ
ペンキ缶（４ℓ缶まで）,もやせないごみ,中身を使い切って出す,へ
ペンキ缶（18ℓ缶）,粗大ごみ,中身を使い切って出す,へ
便座,粗大ごみ,,へ
ペンチ,もやせないごみ,,へ
弁当（コンビニ弁当等）の容器（プラスチック製）,プラスチック製容器包装,汚れが取れないものはもやせるごみ,へ
弁当箱（プラスチック製）,もやせるごみ,金属製はもやせないごみ,へ
弁当用外装フィルム,プラスチック製容器包装,,へ
ペン類,もやせるごみ,金属性はもやせないごみ,へ
ボイラー,粗大ごみ,,ほ
ホイール,不適ごみ,販売店、専門業者へ依頼する,ほ
望遠鏡,粗大ごみ,,ほ
ほうき,もやせるごみ,袋に入らない場合は粗大ごみ,ほ
芳香剤びん（乳白色以外）,びん類・ペットボトル,中を水ですすぐ（三色分別）。乳白色のものはもやせないごみ　　　,ほ
芳香剤の容器（プラスチック製）,もやせるごみ,陶器製・ガラス製はもやせないごみ,ほ
帽子,もやせるごみ,,ほ
防虫網,もやせるごみ,,ほ
包丁,もやせないごみ,,ほ
ボウリングの玉,粗大ごみ,,ほ
ボウル（台所用・金属製）,もやせないごみ,大きいものは粗大ごみ,ほ
ボウル（台所用・プラスチック製）,もやせるごみ,袋に入らないものは粗大ごみ,ほ
保温弁当,粗大ごみ,,ほ
ホース（ゴム製・ビニール製）,もやせるごみ,袋に入らない場合は粗大ごみ,ほ
ホース巻（プラスチック製・金属製）,粗大ごみ,,ほ
ポータブル便器,粗大ごみ,汚れを洗い流して出す,ほ
ホームタンク（灯油タンク）,粗大ごみ,完全に灯油を抜く,ほ
ボール（スポーツ用）,もやせるごみ,,ほ
ボールペン,もやせるごみ,,ほ
ポケットティッシュの外袋・個袋,プラスチック製容器包装,,ほ
ホーローなべ,粗大ごみ,,ほ
歩行器（幼児用）,粗大ごみ,,ほ
ボディソープの容器（ポンプ式を含む）,プラスチック製容器包装,中を水ですすぐ,ほ
ホッチキス,もやせないごみ,,ほ
ポット（魔法瓶）,粗大ごみ,,ほ
ホットカーペット,粗大ごみ,,ほ
ホットカーラー,粗大ごみ,,ほ
ポットワゴン,粗大ごみ,,ほ
哺乳瓶（ガラス製）,もやせないごみ,,ほ
哺乳瓶（プラスチック製）,もやせるごみ,,ほ
ポリジョウロ・ポリ容器・ポリバケツ,もやせるごみ,袋に入らない場合は粗大ごみ,ほ
ポリタンク,粗大ごみ,灯油・石油等は抜く,ほ
保冷剤,もやせるごみ,,ほ
本（書籍、雑誌、カタログ）,古紙類,ひもで十字にしばる,ほ
本立て（金属製）,もやせないごみ,不燃物収集容器に入らない場合は粗大ごみ、プラスチック製はもやせるごみ,ほ
本棚（木製・金属製）,粗大ごみ,,ほ
ポンプ（バスポンプ）,粗大ごみ,,ほ
マージャン牌,もやせるごみ,,ま
マイク,もやせないごみ,コードのついているものは粗大ごみ,ま
マウス（パソコンの初期添付）,不適ごみ,資源有効利用促進法の対象品。初期添付以外のものは粗大ごみ,ま
巻尺・メジャー,もやせるごみ,金属製はもやせないごみ,ま
マグネット（シール状磁石）,もやせるごみ,,ま
まくら（磁石・パイプ）,もやせるごみ,,ま
マジックペン,もやせるごみ,,ま
マッサージ機,粗大ごみ,,ま
マッチ,もやせるごみ,未使用のものは水で濡らしてから出す,ま
マットレス・磁気マットレス,粗大ごみ,,ま
窓ガラス（板ガラス）用ガラス,もやせないごみ,,ま
窓ガラス（板ガラス）用枠,粗大ごみ,,ま
まな板（プラスチック製・木製）,粗大ごみ,,ま
マニキュアびん（乳白色以外）,びん類・ペットボトル,中を水ですすぐ（三色分別）。乳白色のものはもやせないごみ　　,ま
魔法びん,粗大ごみ,,ま
ままごとセット,もやせるごみ,,ま
豆炭（未使用）,もやせるごみ,,ま
豆炭残灰,不適ごみ,自家処理できない場合は個人搬入可,ま
豆電球,もやせないごみ,,ま
マヨネーズの外袋・キャップ,プラスチック製容器包装,,ま
マヨネーズのチューブ,もやせるごみ,汚れが取れないため,ま
まんが本,古紙類,ひもで十字にしばる,ま
万年筆,もやせないごみ,,ま
万歩計,もやせるごみ,,ま
ミシン（足踏み・卓上・電動）,粗大ごみ,,み
ミキサー,粗大ごみ,,み
みりんのびん,びん類・ペットボトル,中を水ですすぐ（三色分別）,み
みりんのペットボトル,びん類・ペットボトル,中を水ですすぐ,み
ミルク缶,もやせないごみ,中を水ですすぐ,み
蒸し器,粗大ごみ,,む
虫めがね・ルーペ（ガラス）,もやせないごみ,,む
虫めがね・ルーペ（プラスチック）,もやせるごみ,,む
むしろ,粗大ごみ,ひもでしばる,む
無線機,もやせないごみ,,む
名刺ケース,プラスチック製容器包装,,め
めがね（ガラス）,もやせないごみ,,め
めがね（プラスチック）,もやせるごみ,,め
めがねケース,もやせるごみ,,め
メガホン,もやせるごみ,,め
目薬容器,もやせるごみ,,め
目覚まし時計,もやせないごみ,大きいものは粗大ごみ,め
メジャー（金属製）,もやせないごみ,,め
メジャー（ビニール製）,もやせるごみ,,め
めん類の袋（うどん・そば・ラーメン等）,プラスチック製容器包装,汚れがひどいものはもやせるごみ,め
毛布,粗大ごみ,,も
モーター類,粗大ごみ,,も
木材,粗大ごみ,太さ12cm以下、長さ1.8m以下にする。個人で解体したもので個人搬入に限る,も
木製品,もやせるごみ,袋に入らない物は粗大ごみ,も
木炭（未使用）,もやせるごみ,,も
木炭残灰,不適ごみ,自家処理できない場合は個人搬入可,も
物置（木製・金属製）,粗大ごみ,個人で解体したもので個人搬入に限る。小屋程度の簡易なものに限る,も
餅つき機,粗大ごみ,,も
モップ（雑巾類）,もやせるごみ,,も
モップの柄（木製・金属製）,粗大ごみ,,も
モップの金具,もやせないごみ,,も
モデルガン（金属製）,もやせないごみ,,も
モデルガン（プラスチック製）,もやせるごみ,,も
物干し竿,粗大ごみ,,も
物干し台座と支柱,粗大ごみ,,も
物干しハンガー,もやせるごみ,金属製はもやせないごみ,も
門扉,粗大ごみ,個人で解体したもので個人搬入に限る,も
やかん,粗大ごみ,,や
焼肉用たれのびん,びん類・ペットボトル,中を水ですすぐ（三色分別）。汚れがとれない場合はもやせないごみ,や
焼肉用たれのボトル,もやせるごみ,,や
野球グローブ,もやせるごみ,,や
野球ボール,もやせるごみ,,や
薬品（家庭用）,もやせるごみ,家庭用以外のものは販売店、専門業者へ依頼する,や
野菜の外袋（プラスチック製）,プラスチック製容器包装,,や
野菜のネット（網）,プラスチック製容器包装,,や
ＵＳＢメモリ,もやせるごみ,,ゆ
郵便受け（プラスチック製・金属製）,粗大ごみ,,ゆ
雪かき（木製・金属製）,粗大ごみ,,ゆ
湯たんぽ（金属製）,粗大ごみ,,ゆ
湯たんぽ（プラスチック製）,もやせるごみ,,ゆ
湯沸し器,粗大ごみ,電池を外す,ゆ
洋酒びん,びん類・ペットボトル,,よ
ヨーグルトのふた（プラスチック製）,プラスチック製容器包装,汚れを水ですすぐ、アルミ製はもやせるごみ,よ
ヨーグルトの外装フィルム（プラスチック製）,プラスチック製容器包装,,よ
ヨーグルトの容器（プラスチック製）,プラスチック製容器包装,汚れを水ですすぐ、紙製はもやせるごみ,よ
浴槽,粗大ごみ,個人で解体したもので個人搬入に限る,よ
よしず,粗大ごみ,,よ
ライター（金属製）,もやせないごみ,,ら
ラジオ・ラジカセ,粗大ごみ,,ら
ラジコンプロポ,粗大ごみ,,ら
ラジコン本体,粗大ごみ,,ら
ラック（木製）,もやせるごみ,,ら
ラップ（食品用、お店で包装されたもの）,プラスチック製容器包装,汚れが取れないものはもやせるごみ,ら
ラップの芯,古紙類,,ら
ラティス,粗大ごみ,,ら
ラドン発生器（温泉発生器）,不適ごみ,販売店、専門業者へ依頼する,ら
ラベル（ペットボトル等の帯フィルム）,プラスチック製容器包装,,ら
ランチジャー,粗大ごみ,,ら
ランドセル,もやせるごみ,袋に入らないものは粗大ごみ,ら
ランニングマシーン,粗大ごみ,,ら
リール（釣り用）,もやせないごみ,,り
リモコン,もやせるごみ,電池を外す,り
リヤカー,粗大ごみ,,り
リュックサック,もやせるごみ,,り
旅行用バッグ,もやせるごみ,袋に入らないものは粗大ごみ,り
リンスの容器（ポンプ式を含む）,プラスチック製容器包装,中を水ですすぐ,り
ルーフボックス（自動車用）,不適ごみ,,る
ルームランナー,粗大ごみ,,る
冷水器,粗大ごみ,,れ
冷蔵庫,不適ごみ,家電リサイクル法の対象品,れ
冷凍庫（ストッカーも含む）,不適ごみ,家電リサイクル法の対象品,れ
冷凍食品の袋（プラスチック製）,プラスチック製容器包装,汚れを水ですすぐ,れ
冷風機・冷風扇,粗大ごみ,,れ
レーザーディスク盤・レコード盤,もやせるごみ,,れ
レーザーディスクプレイヤー・レコードプレイヤー,粗大ごみ,,れ
レジ袋,プラスチック製容器包装,プラマーク（識別マーク）なしでもよい,れ
レトルトパック（カレー・シチュー等）,もやせるごみ,汚れがとれないため,れ
レンガ,不適ごみ,販売店、専門業者へ依頼する,れ
レンジ台（木製・金属製）,粗大ごみ,,れ
煉炭（未使用物）,もやせるごみ,袋に入りきれない時は粗大ごみ,れ
煉炭・豆炭残灰,不適ごみ,自家処理できない場合は個人搬入可,れ
煉炭コンロ,粗大ごみ,,れ
ろうそく,もやせるごみ,,ろ
ロープ（麻製）,もやせるごみ,,ろ
ローラースケート・ブレイド,粗大ごみ,,ろ
ロールカーテン,粗大ごみ,,ろ
ロッカー,粗大ごみ,,ろ
ロックミシン（台付）,粗大ごみ,,ろ
ワープロ,粗大ごみ,,わ
ワイヤー・ケーブル類,粗大ごみ,家庭からの搬出物に限る,わ
ワインびん,びん類・ペットボトル,中を水ですすぐ（三色分別）,わ
輪ゴム,もやせるごみ,,わ
ワゴン（台所用）･お座敷ワゴン,粗大ごみ,,わ
わさびのチューブ（プラスチック製）,もやせるごみ,汚れが取れないため,わ
割りばしの袋（プラスチック製）,プラスチック製容器包装,,わ
ワンカップ,びん類・ペットボトル,中を水ですすぐ（三色分別）,わ
